{"cameraMode":{"drawMode":0,"name":"Shaded","section":"Shading Mode"},"sceneLighting":false,"audioPlay":false,"sceneViewState":{"m_AlwaysRefresh":false,"showFog":true,"showSkybox":false,"showFlares":true,"showImageEffects":true,"showParticleSystems":true,"showVisualEffectGraphs":true,"m_FxEnabled":false},"in2DMode":false,"pivot":{"x":45.790000915527347,"y":-1.0528219938278199,"z":-0.9100000262260437},"rotation":{"x":0.019497383385896684,"y":-0.011997449211776257,"z":0.00023398242774419487,"w":0.9997385144233704},"size":71.03011322021485,"orthographic":true}