{"cameraMode":{"drawMode":0,"name":"Shaded","section":"Shading Mode"},"sceneLighting":false,"audioPlay":false,"sceneViewState":{"m_AlwaysRefresh":false,"showFog":true,"showSkybox":false,"showFlares":true,"showImageEffects":true,"showParticleSystems":true,"showVisualEffectGraphs":true,"m_FxEnabled":false},"in2DMode":false,"pivot":{"x":-32.40997314453125,"y":-28.160165786743165,"z":-0.7390232086181641},"rotation":{"x":0.019497383385896684,"y":-0.011997449211776257,"z":0.00023398242774419487,"w":0.9997385144233704},"size":12.46855640411377,"orthographic":true}