{"cameraMode":{"drawMode":0,"name":"Shaded","section":"Shading Mode"},"sceneLighting":false,"audioPlay":false,"sceneViewState":{"m_AlwaysRefresh":false,"showFog":true,"showSkybox":false,"showFlares":true,"showImageEffects":true,"showParticleSystems":true,"showVisualEffectGraphs":true,"m_FxEnabled":false},"in2DMode":false,"pivot":{"x":-0.49527907371520998,"y":-1.0756585597991944,"z":0.8532514572143555},"rotation":{"x":0.0029901782982051374,"y":0.08091110736131668,"z":-0.00024271247093565762,"w":0.9967173337936401},"size":9.441081047058106,"orthographic":true}