{"cameraMode":{"drawMode":0,"name":"Shaded","section":"Shading Mode"},"sceneLighting":true,"audioPlay":false,"sceneViewState":{"m_AlwaysRefresh":false,"showFog":true,"showSkybox":false,"showFlares":true,"showImageEffects":true,"showParticleSystems":true,"showVisualEffectGraphs":true,"m_FxEnabled":false},"in2DMode":false,"pivot":{"x":-0.8774694204330444,"y":-4.443277359008789,"z":6.324308395385742},"rotation":{"x":0.021308166906237603,"y":-0.004189629107713699,"z":0.00008968853944679722,"w":0.9997721314430237},"size":8.227261543273926,"orthographic":false}