{"cameraMode":{"drawMode":0,"name":"Shaded","section":"Shading Mode"},"sceneLighting":false,"audioPlay":false,"sceneViewState":{"m_AlwaysRefresh":false,"showFog":true,"showSkybox":false,"showFlares":true,"showImageEffects":true,"showParticleSystems":true,"showVisualEffectGraphs":true,"m_FxEnabled":false},"in2DMode":false,"pivot":{"x":-2.3273468017578127,"y":0.7584328651428223,"z":-0.36405086517333987},"rotation":{"x":0.15388089418411256,"y":0.00889335572719574,"z":-0.0013847403461113573,"w":0.9880560040473938},"size":18.044986724853517,"orthographic":true}