{"cameraMode":{"drawMode":0,"name":"Shaded","section":"Shading Mode"},"sceneLighting":false,"audioPlay":false,"sceneViewState":{"m_AlwaysRefresh":false,"showFog":true,"showSkybox":false,"showFlares":true,"showImageEffects":true,"showParticleSystems":true,"showVisualEffectGraphs":true,"m_FxEnabled":false},"in2DMode":false,"pivot":{"x":0.05733084678649902,"y":1.9495254755020142,"z":-0.0747065544128418},"rotation":{"x":0.10629883408546448,"y":0.0014913319610059262,"z":-0.0001594272762304172,"w":0.994333803653717},"size":4.4190993309021,"orthographic":true}