{"cameraMode":{"drawMode":0,"name":"Shaded","section":"Shading Mode"},"sceneLighting":false,"audioPlay":false,"sceneViewState":{"m_AlwaysRefresh":false,"showFog":true,"showSkybox":false,"showFlares":true,"showImageEffects":true,"showParticleSystems":true,"showVisualEffectGraphs":true,"m_FxEnabled":false},"in2DMode":false,"pivot":{"x":-12.039999961853028,"y":-31.600000381469728,"z":-1.3600000143051148},"rotation":{"x":0.019497383385896684,"y":-0.011997449211776257,"z":0.00023398242774419487,"w":0.9997385144233704},"size":5.794142723083496,"orthographic":true}