{"cameraMode":{"drawMode":0,"name":"Shaded","section":"Shading Mode"},"sceneLighting":false,"audioPlay":false,"sceneViewState":{"m_AlwaysRefresh":false,"showFog":true,"showSkybox":false,"showFlares":true,"showImageEffects":true,"showParticleSystems":true,"showVisualEffectGraphs":true,"m_FxEnabled":false},"in2DMode":false,"pivot":{"x":-35.73666763305664,"y":14.643636703491211,"z":-15.56924057006836},"rotation":{"x":0.019497383385896684,"y":-0.011997449211776257,"z":0.00023398242774419487,"w":0.9997385144233704},"size":0.9624192118644714,"orthographic":true}