{"cameraMode":{"drawMode":0,"name":"Shaded","section":"Shading Mode"},"sceneLighting":false,"audioPlay":false,"sceneViewState":{"m_AlwaysRefresh":false,"showFog":true,"showSkybox":false,"showFlares":true,"showImageEffects":true,"showParticleSystems":true,"showVisualEffectGraphs":true,"m_FxEnabled":false},"in2DMode":false,"pivot":{"x":1.0291792154312134,"y":0.07874226570129395,"z":0.230682373046875},"rotation":{"x":-1.1615600148395799e-10,"y":0.04348629340529442,"z":-9.309109039179475e-11,"w":0.9990540742874146},"size":1.998761534690857,"orthographic":true}