{"cameraMode":{"drawMode":0,"name":"Shaded","section":"Shading Mode"},"sceneLighting":false,"audioPlay":false,"sceneViewState":{"m_AlwaysRefresh":false,"showFog":true,"showSkybox":false,"showFlares":true,"showImageEffects":true,"showParticleSystems":true,"showVisualEffectGraphs":true,"m_FxEnabled":false},"in2DMode":false,"pivot":{"x":0.017773181200027467,"y":2.199087142944336,"z":-0.0036104917526245119},"rotation":{"x":0.09734402596950531,"y":-0.0059716468676924709,"z":0.000584096647799015,"w":0.9952337145805359},"size":2.773796319961548,"orthographic":true}