{"cameraMode":{"drawMode":0,"name":"Shaded","section":"Shading Mode"},"sceneLighting":false,"audioPlay":false,"sceneViewState":{"m_AlwaysRefresh":false,"showFog":true,"showSkybox":false,"showFlares":true,"showImageEffects":true,"showParticleSystems":true,"showVisualEffectGraphs":true,"m_FxEnabled":false},"in2DMode":false,"pivot":{"x":-0.01743680238723755,"y":-0.8970268964767456,"z":-0.003508634865283966},"rotation":{"x":-1.1615600148395799e-10,"y":0.04348629340529442,"z":-9.309109039179475e-11,"w":0.9990540742874146},"size":1.4660404920578004,"orthographic":true}