{"cameraMode":{"drawMode":0,"name":"Shaded","section":"Shading Mode"},"sceneLighting":false,"audioPlay":false,"sceneViewState":{"m_AlwaysRefresh":false,"showFog":true,"showSkybox":false,"showFlares":true,"showImageEffects":true,"showParticleSystems":true,"showVisualEffectGraphs":true,"m_FxEnabled":false},"in2DMode":false,"pivot":{"x":-1.2523231506347657,"y":7.337604522705078,"z":-0.38430023193359377},"rotation":{"x":0.0029901782982051374,"y":0.08091110736131668,"z":-0.00024271247093565762,"w":0.9967173337936401},"size":71.92897033691406,"orthographic":true}