{"cameraMode":{"drawMode":0,"name":"Shaded","section":"Shading Mode"},"sceneLighting":false,"audioPlay":false,"sceneViewState":{"m_AlwaysRefresh":false,"showFog":true,"showSkybox":false,"showFlares":true,"showImageEffects":true,"showParticleSystems":true,"showVisualEffectGraphs":true,"m_FxEnabled":false},"in2DMode":false,"pivot":{"x":2.839458465576172,"y":1.1013803482055665,"z":37.72412109375},"rotation":{"x":0.010805944912135601,"y":0.025805676355957986,"z":-0.00027530177612788975,"w":0.9996256232261658},"size":60.97547149658203,"orthographic":true}