{"cameraMode":{"drawMode":0,"name":"Shaded","section":"Shading Mode"},"sceneLighting":false,"audioPlay":false,"sceneViewState":{"m_AlwaysRefresh":false,"showFog":true,"showSkybox":false,"showFlares":true,"showImageEffects":true,"showParticleSystems":true,"showVisualEffectGraphs":true,"m_FxEnabled":false},"in2DMode":false,"pivot":{"x":0.020395994186401368,"y":0.04105019569396973,"z":11.95248794555664},"rotation":{"x":0.09734402596950531,"y":-0.0059716468676924709,"z":0.000584096647799015,"w":0.9952337145805359},"size":13.841123580932618,"orthographic":true}