{"cameraMode":{"drawMode":0,"name":"Shaded","section":"Shading Mode"},"sceneLighting":false,"audioPlay":false,"sceneViewState":{"m_AlwaysRefresh":false,"showFog":true,"showSkybox":false,"showFlares":true,"showImageEffects":true,"showParticleSystems":true,"showVisualEffectGraphs":true,"m_FxEnabled":false},"in2DMode":false,"pivot":{"x":-0.367315411567688,"y":-0.05233955383300781,"z":-0.31382203102111819},"rotation":{"x":0.10629883408546448,"y":0.0014913319610059262,"z":-0.0001594272762304172,"w":0.994333803653717},"size":2.430562973022461,"orthographic":true}