{"cameraMode":{"drawMode":0,"name":"Shaded","section":"Shading Mode"},"sceneLighting":false,"audioPlay":false,"sceneViewState":{"m_AlwaysRefresh":false,"showFog":true,"showSkybox":false,"showFlares":true,"showImageEffects":true,"showParticleSystems":true,"showVisualEffectGraphs":true,"m_FxEnabled":false},"in2DMode":false,"pivot":{"x":-0.00018465518951416016,"y":0.0009968280792236329,"z":-0.0001671910285949707},"rotation":{"x":0.09734402596950531,"y":-0.0059716468676924709,"z":0.000584096647799015,"w":0.9952337145805359},"size":1.2297559976577759,"orthographic":true}