{"cameraMode":{"drawMode":0,"name":"Shaded","section":"Shading Mode"},"sceneLighting":false,"audioPlay":false,"sceneViewState":{"m_AlwaysRefresh":false,"showFog":true,"showSkybox":false,"showFlares":true,"showImageEffects":true,"showParticleSystems":true,"showVisualEffectGraphs":true,"m_FxEnabled":false},"in2DMode":false,"pivot":{"x":-1.0020482540130616,"y":0.6318014860153198,"z":-0.22526788711547852},"rotation":{"x":0.10629883408546448,"y":0.0014913319610059262,"z":-0.0001594272762304172,"w":0.994333803653717},"size":11.46086597442627,"orthographic":true}