{"cameraMode":{"drawMode":0,"name":"Shaded","section":"Shading Mode"},"sceneLighting":false,"audioPlay":false,"sceneViewState":{"m_AlwaysRefresh":false,"showFog":true,"showSkybox":false,"showFlares":true,"showImageEffects":true,"showParticleSystems":true,"showVisualEffectGraphs":true,"m_FxEnabled":false},"in2DMode":false,"pivot":{"x":17.525907516479493,"y":-3.8027405738830568,"z":0.5699896812438965},"rotation":{"x":0.14350321888923646,"y":-0.0029684407636523248,"z":0.00043082411866635084,"w":0.9896535873413086},"size":11.176838874816895,"orthographic":true}