{"cameraMode":{"drawMode":0,"name":"Shaded","section":"Shading Mode"},"sceneLighting":false,"audioPlay":false,"sceneViewState":{"m_AlwaysRefresh":false,"showFog":true,"showSkybox":false,"showFlares":true,"showImageEffects":true,"showParticleSystems":true,"showVisualEffectGraphs":true,"m_FxEnabled":false},"in2DMode":false,"pivot":{"x":0.9922089576721191,"y":0.4949312210083008,"z":10.597687721252442},"rotation":{"x":0.14350321888923646,"y":-0.0029684407636523248,"z":0.00043082411866635084,"w":0.9896535873413086},"size":16.559690475463868,"orthographic":true}