{"cameraMode":{"drawMode":0,"name":"Shaded","section":"Shading Mode"},"sceneLighting":false,"audioPlay":false,"sceneViewState":{"m_AlwaysRefresh":false,"showFog":true,"showSkybox":false,"showFlares":true,"showImageEffects":true,"showParticleSystems":true,"showVisualEffectGraphs":true,"m_FxEnabled":false},"in2DMode":false,"pivot":{"x":0.40061116218566897,"y":0.47556591033935549,"z":-0.0017671585083007813},"rotation":{"x":0.10629883408546448,"y":0.0014913319610059262,"z":-0.0001594272762304172,"w":0.994333803653717},"size":4.061841011047363,"orthographic":true}