{"cameraMode":{"drawMode":0,"name":"Shaded","section":"Shading Mode"},"sceneLighting":false,"audioPlay":false,"sceneViewState":{"m_AlwaysRefresh":false,"showFog":true,"showSkybox":false,"showFlares":true,"showImageEffects":true,"showParticleSystems":true,"showVisualEffectGraphs":true,"m_FxEnabled":false},"in2DMode":false,"pivot":{"x":0.7633965015411377,"y":0.16713976860046388,"z":0.1150522232055664},"rotation":{"x":0.15388089418411256,"y":0.00889335572719574,"z":-0.0013847403461113573,"w":0.9880560040473938},"size":7.815406799316406,"orthographic":true}