{"cameraMode":{"drawMode":0,"name":"Shaded","section":"Shading Mode"},"sceneLighting":false,"audioPlay":false,"sceneViewState":{"m_AlwaysRefresh":false,"showFog":true,"showSkybox":false,"showFlares":true,"showImageEffects":true,"showParticleSystems":true,"showVisualEffectGraphs":true,"m_FxEnabled":false},"in2DMode":false,"pivot":{"x":0.000019252300262451172,"y":0.000029027462005615234,"z":0.000029206275939941406},"rotation":{"x":0.0029901782982051374,"y":0.08091110736131668,"z":-0.00024271247093565762,"w":0.9967173337936401},"size":0.8955140113830566,"orthographic":true}