{"cameraMode":{"drawMode":0,"name":"Shaded","section":"Shading Mode"},"sceneLighting":false,"audioPlay":false,"sceneViewState":{"m_AlwaysRefresh":false,"showFog":true,"showSkybox":false,"showFlares":true,"showImageEffects":true,"showParticleSystems":true,"showVisualEffectGraphs":true,"m_FxEnabled":false},"in2DMode":false,"pivot":{"x":0.5005414485931397,"y":1.5022947788238526,"z":-0.44426536560058596},"rotation":{"x":0.14350321888923646,"y":-0.0029684407636523248,"z":0.00043082411866635084,"w":0.9896535873413086},"size":4.517204284667969,"orthographic":true}