{"cameraMode":{"drawMode":0,"name":"Shaded","section":"Shading Mode"},"sceneLighting":false,"audioPlay":false,"sceneViewState":{"m_AlwaysRefresh":false,"showFog":true,"showSkybox":false,"showFlares":true,"showImageEffects":true,"showParticleSystems":true,"showVisualEffectGraphs":true,"m_FxEnabled":false},"in2DMode":false,"pivot":{"x":-31.26734161376953,"y":-4.378623962402344,"z":-8.980708122253418},"rotation":{"x":0.10629883408546448,"y":0.0014913319610059262,"z":-0.0001594272762304172,"w":0.994333803653717},"size":18.25067901611328,"orthographic":true}