{"cameraMode":{"drawMode":0,"name":"Shaded","section":"Shading Mode"},"sceneLighting":false,"audioPlay":false,"sceneViewState":{"m_AlwaysRefresh":false,"showFog":true,"showSkybox":false,"showFlares":true,"showImageEffects":true,"showParticleSystems":true,"showVisualEffectGraphs":true,"m_FxEnabled":false},"in2DMode":false,"pivot":{"x":19.245498657226564,"y":-1.880990982055664,"z":-0.5243139266967773},"rotation":{"x":0.019497383385896684,"y":-0.011997449211776257,"z":0.00023398242774419487,"w":0.9997385144233704},"size":20.98185920715332,"orthographic":true}